chair_id,mean,std
02691156_1280f994ba1f92d28699933784576e73,3.421077346801758,20.88924955567135
02691156_1284eb71b82f6794207f77cc6c79e3d5,6.006799697875977,26.004427186637535
02691156_251313501093a024599faef54fd54e83,4.314363479614258,23.21319883192837
02691156_34da5dbfb4bead034c3a35cee92bb95b,4.466253280639648,23.591493641432812
02691156_383d7574448bf7f235fc197bbabcd5bd,4.3051660537719725,23.05493130376623
02691156_3921f5f454c5733e96e161ce7a956a8,3.943754959106445,22.276829409693665
02691156_3a82056ea319a442f64801ad2940cdd5,5.450568008422851,25.329987655605336
02691156_3ad6bdeed351f5a84e61a0c2eaaabe87,3.2806943893432616,20.30303211373048
02691156_3baa3ca477d17e1a61f1ef59130c405d,4.446104621887207,23.714475766558685
02691156_3fe8243b660d5e8fbc0909d98a1ff2b4,3.4118066787719727,20.76746883455109
02691156_448bd2bcde027ca9e5d07633dda45110,4.786226463317871,23.218499105426506
02691156_45570756a871989cfb5c1b0f759e2bc1,4.602039337158203,23.367098508064224
02691156_56bb8130f49b481e230ac8907b9b7f90,5.254998397827149,25.789744679539456
02691156_5cd19fcc882cc769e8b0cab853748d53,4.3647363662719725,23.20160693388671
02691156_5e31a194b02a286df8c6d04d97f8cf7,3.700952911376953,21.76025573113549
02691156_5f11d3dd6ccacf92de7a468bfa758b34,5.539072799682617,25.032114808956024
02691156_5fc63354b0156d113136bac5fdb5050a,5.401384925842285,24.62895646951685
02691156_639d85cb4487bb0e3c326782eb2d380e,4.09914264678955,23.041825119363978
02691156_6456e87ff00e31a96efa61580a088aac,6.35097370147705,27.154205581492608
02691156_66bdf712963b9a17efe0d4e1eba2e3af,4.618408584594727,23.349483853967566
02691156_6ea21a2265075beb9a2f7b9a6f4f875f,5.4599615097045895,25.570225074831484
02691156_735466165c04f71f62b600da24e0965,3.1771873474121093,19.968764336644362
02691156_739c8cadb1db6db39a6e43b878d5b335,4.412918281555176,23.289833491921886
02691156_743670f7f3a8042e6ad6a28101cd3ecd,3.271194648742676,19.665871226913705
02691156_750000e25d4078f64e61a0c2eaaabe87,3.903682899475098,21.90076233432705
02691156_789f032dccc6092977b7d0d4764c121d,4.067246818542481,20.776032179065492
02691156_791af615e17374d38eeaefe98ae26867,4.250485610961914,22.898745084150608
02691156_7a97d3dadc608b4350f01eb2b12b0a8,3.3048171997070312,19.65982706019497
02691156_7b3ef304a0088b39112e53a423c9745e,4.778922271728516,23.039674757238043
02691156_7c4e1ab21e8d6549a46ec065c01b381,4.673155212402344,23.717247796647115
02691156_800ce26e517769dcb87697d3904b168b,3.5328454971313477,20.83202158069768
02691156_89a5679cb03f30caf5c7319b71bdce6e,4.01011028289795,22.3318498288397
02691156_8af730a8f082af9167b9bb226efd81df,7.029015159606933,28.002886014183957
02691156_949acc63ad8f8816e816c75152573ee0,3.7652931213378906,21.773403992166113
02691156_94dffe91af2c8834fca1f1143bb6bc17,3.8589651107788088,21.94227669691192
02691156_96409ee8309b4c679c72d95bbb12b7e8,4.482937431335449,23.88375899789144
02691156_9b1fc3881a5335cb44012f72ba1e15a8,4.072748374938965,22.848424205115645
02691156_9d292c07f1dff16e1304733e0af0907,5.7960762023925785,25.897876652756572
02691156_9f90f3298d7b6c6f938204d34a891739,4.946525573730469,23.766250904716447
02691156_a3bcd8767d2827626f5b49394e7f4cdb,4.007685852050781,22.39284014839206
02691156_a4c41dc85210c3a0ae049cb809622fee,5.724363517761231,26.185265474334184
02691156_a98038807a61926abce962d6c4b37336,3.518290138244629,20.78518347711628
02691156_a9bbba73d3fb7688b6b87e72ead132ed,4.254128265380859,22.946139922496744
02691156_ac0d1320328f5636b819f3a4f3895504,4.723055648803711,23.45497609631597
02691156_b4b1b113173a6ec6bbf3143b1cb6076a,3.944748306274414,22.31016041347855
02691156_bb9ba5deec9e2a5fca8607f540cc62ba,3.8677133560180663,21.851330507907477
02691156_bfd02b9a1ad7ce73fe2d13a096d8b561,2.8183172225952147,18.711580820922574
02691156_c2923f0931fa539f794f2d24bb38b7d1,3.1119478225708006,18.89514761086747
02691156_c31bdeebd8d74a7dbbf3143b1cb6076a,4.011564636230469,22.443584952975165
02691156_c7c5bb658cafcc7c67711f7c205c5b63,6.848692131042481,27.340734711439335
02691156_cd9062c0065ee3a4727e0d1e650e3b69,3.817207145690918,22.121942528530585
02691156_cda3cd7f140fe791ed137f17a6d8e3c8,4.678415679931641,23.33592873738502
02691156_db4079b8c7d3d674ca8607f540cc62ba,4.1083581924438475,22.95098803741458
02691156_e0aec5757f7a907d647cd52f13caf24b,4.750199699401856,24.542649349543947
02691156_e161df613fc808b0d7ec54df5db5828c,4.574880981445313,23.70948907169626
02691156_e17a696c47d4292393db03f6b4e68f17,4.2045440673828125,22.490890044440217
02691156_e25794343ee37d6fa8eeb11153b68d81,2.029786491394043,16.014513474510984
02691156_eaccb2ca303223afc503a3776fc280fe,3.402622413635254,20.63543878560844
02691156_efbf3d4c8877e7dc7ce8c809505eca2f,3.9867250442504885,21.19534675469441
02691156_f222d51d7c6fedc2db73445864b72015,4.342079544067383,23.25782267933807
02691156_fbc429365ab7136be1a9c234926c21e2,4.772579002380371,23.1951656846795
02691156_fbebcde2d8fbf81ee7cf320ab5761d45,5.292008018493652,26.49186115709553
02747177_1864da0abd05dde7f4fb4dee5181bee,17.924059104919433,44.95608575719295
02747177_24884ef01e9a3832d2b12aa6a0f050b3,16.242519760131835,43.586412916616574
02747177_38418e5ea375d66a56f6fc4b4ce1db04,17.166443824768066,42.674190783588074
02747177_5c7bd882d399e031d2b12aa6a0f050b3,18.562689971923827,44.573228644704805
02747177_71c45644821a8961ad5067eac75a07f7,15.312479019165039,41.285142364191316
02747177_a09482e9b131164ead5067eac75a07f7,13.48433895111084,40.19243207383243
02747177_acfe521c412fcd04564c0afd61663476,24.817331504821777,60.15206620327396
02747177_e48d8446159614caad5067eac75a07f7,12.375275230407714,36.516731164758895
02773838_1342fc4f613687f92569b963af585e33,20.681658363342287,51.65033208330991
02773838_581af450a3a8009abc49cae1a831a9e,9.536569786071777,35.39650059563936
02801938_242e6c21d53890a236b0f2a1430e993a,30.999381256103515,60.528802888202186
02801938_33a623a68ac3a6541c8c7b57a94dbb2e,24.969136238098145,59.07656167344563
02801938_b37a77cec9643bae5257c4bca2a1f0,24.324198913574218,57.56977666273043
02801938_b9a555f6ce431c8a3adfd94cc5954055,17.2069450378418,45.96463711099633
02808440_1b021f1332e7d185ccd0340812259a39,15.999120903015136,47.49120527051788
02808440_1c908b81867d6d85b362845c6edb57fc,22.06977787017822,49.576051965140074
02808440_2ebcb0c668523047b362845c6edb57fc,12.697980499267578,43.045862957902465
02808440_311c8d3738490a553321831d2245cf06,20.487175750732423,52.03969529675669
02808440_4a7d4186a966d777e49bb55b21b2d30a,21.166110610961915,49.673535417644466
02808440_5132921c7ed221103af30a3946d92feb,16.937084579467772,48.64295235588784
02808440_5c77eba7135d8703b362845c6edb57fc,19.08183002471924,46.081625606556145
02808440_69f95bd359cd47d0448cbcbac44a38bf,20.111867713928223,51.00840335050496
02808440_9a2356d30def73186b448b8aaebb705c,18.631622505187988,53.300510917580134
02808440_9c72e9c273fa91701b5647ac5820a290,13.3448881149292,41.30263136615278
02808440_bc98f11895cecfeb3321831d2245cf06,19.408764839172363,49.1400461524224
02808440_c4f40a208cc903b18faaa3c714890be6,22.15799446105957,47.13475483664003
02808440_dbbc5c9f97b42166c45c4181842feaed,14.628506660461426,41.35672557726319
02808440_e6c56b5f2265d6423321831d2245cf06,17.882079315185546,48.90389049601823
02808440_f313673174ba24de1c17aef130ed6213,15.966661262512208,47.041036635561625
02808440_f7c8d4e57a30918944221bef0fa3c36b,28.49128112792969,51.026282841038636
02808440_ff6b4c0016394ba83321831d2245cf06,18.700300216674805,48.99229452451359
02818832_71ebb1db4d8ef7c51db05bb2d8c217b,19.03070640563965,47.40782785640273
02818832_babeae78f6d2412a15dd7d7985e749c1,24.97954750061035,51.90540153619003
02818832_d59ed3ebe65d978a922962743a259201,18.716233253479004,44.26709556650354
02818832_d7b9238af2efa963c862eec8232fff1e,15.40990390777588,41.27177612713296
02828884_170b01ba7fc575aaad5067eac75a07f7,4.378236961364746,22.808516045561873
02828884_2212ad7db1587578d2b12aa6a0f050b3,8.684664344787597,32.38179712109017
02828884_2c75963e304f490223ed665630afd1ce,12.633000373840332,38.087028840970184
02828884_30d3152964e13201520d2a054af1eb24,10.414114379882813,35.462870129756126
02828884_3824b040bd8906e0f155d75bbf62b80,4.78581657409668,24.20187662466753
02828884_3a1915451880215e9bfbe8b02639d1e9,8.33773422241211,31.85132888588456
02828884_3a8f4586fbd17e6d56f6fc4b4ce1db04,9.562027740478516,33.811326971752806
02828884_3a93bccaa0b3161afca6ee915b120ce0,5.348475646972656,25.220607856158196
02828884_43d40b726c369eaaed98cca8f0ccd5f7,10.846017646789551,34.25288321437644
02828884_4504e203b67dd8e473f10e6caaeca56,11.125155067443847,33.21579979708408
02828884_4814cb73a71235dbf155d75bbf62b80,6.854630088806152,28.627443108741186
02828884_496f1d6cdd0a0aa247b74f4d1238a1fd,5.053409194946289,24.494581886424946
02828884_516e288a1f609250d2b12aa6a0f050b3,8.287416076660156,30.454234517391182
02828884_5a383d9a0e67caed4ea8cb420cbb292f,5.63245849609375,25.52361633534426
02828884_691ca19f8a2324652056b4bd5d870b47,5.888546752929687,27.7566463238774
02828884_6a11450577768f2747d4c7899ba36cd,7.19948673248291,29.917838837256813
02828884_7e73d9c7082453987b019ecf3e106a55,13.956866645812989,39.114309252350196
02828884_92f1fa8d3b5da497ad5067eac75a07f7,7.86851806640625,30.88302890837603
02828884_9a3310c20959245b791985eda7619303,11.978484344482421,36.021378609117676
02828884_9aafd6c69c331aef535e3a87e2212e35,11.369129753112793,36.06671052171257
02828884_9b41191a915c09bc669f4f2ecf8fba0,10.641666603088378,35.65955535360486
02828884_9b5dfec7d45eeca94c8c340ea700916e,10.612247276306153,33.16756821603925
02828884_9cd6dc2b9d11016c49b3ccbe36f67015,8.820174598693848,33.059272816502066
02828884_adaf1ba4acf51baa601104cd2d998272,6.430840873718262,26.45691114892255
02828884_ae1adc589a37317b2056b4bd5d870b47,9.62855052947998,32.90123629626113
02828884_b2dc3053a4643c876ae68b11b0aa337e,12.05118236541748,36.758433832822206
02828884_b57079e504413f02ad5067eac75a07f7,3.7686838150024413,21.753826766231434
02828884_b711e64c92fc594c18e830a47a552b39,5.16992301940918,24.983821516693528
02828884_b8f462d89a31e95b777c3ba457301e8c,9.614644432067871,32.88405334499546
02828884_c0d3d5f8941c8014ad5067eac75a07f7,7.182914161682129,27.944075849071915
02828884_cc7ab68e97b381eead5067eac75a07f7,8.465063285827636,30.960826933229427
02828884_d1d433ab6a289a568e95e8a3bb5a538a,11.215730285644531,37.105134962057555
02828884_d6580bbf1220d39ede270fc3c23d78b,12.023879432678223,35.86562820296716
02828884_d9432798bd2aa338ad5067eac75a07f7,9.392500495910644,34.01656860816634
02828884_e7a18e21f877b039f4fb4dee5181bee,13.158541870117187,39.13308310928245
02828884_f197553928fccdd2b12aa6a0f050b3,13.22574234008789,38.776819221400885
02828884_fd2394a5f4d05d4c331bc7630c8705e8,5.300870895385742,26.01905868542698
02843684_7a2642b37028b462d39f9e7f9f528702,11.433538436889648,34.8816271469659
02871439_225da2a2b7a461e349edb0f98d2a2a29,15.131338119506836,41.73462486151583
02871439_39ef7e982d00763560507fdad4357e06,18.479733657836913,46.256323005073334
02871439_51f7a721c24712f35ce62bce310fcd30,15.795477104187011,42.23428939115983
02871439_6003c51eee40d5942f84cb7932f866fd,19.2446533203125,47.24637601593228
02871439_7c93c71c1ca57d5c9c71f681ea4c5bae,13.55348606109619,41.68112820083466
02871439_7f40e1a4fd8344228ab882e168bd8706,12.101881408691407,39.65821528295293
02871439_a82d418331301d2c664b3b9b23ddfcbc,16.141657638549805,44.13737583909281
02871439_c007d1b4972f70102751be1fc72418bb,8.738809585571289,32.713823883527276
02871439_f99da003d6daf8743806c49633f7853a,18.597382926940917,46.15441270500091
02876657_10f709cecfbb8d59c2536abb1e8e5eab,5.929841613769531,26.70192086064687
02876657_1ae823260851f7d9ea600d1a6d9f6e07,5.143488121032715,25.500284171589026
02876657_33f6ca7ec9d3f1e6940806ade53ef2f,4.999925804138184,25.678538702312554
02876657_43ad6585f6b9a64675e1008a71b1c5e9,7.418193817138672,29.456524922817806
02876657_61847ebb20b88ce2a62e98cb10d773b0,6.349209403991699,27.521589988610998
02876657_6a96b74beea7f5b316aa41fc58452f78,5.206840515136719,26.573218626216388
02876657_78d707f4d87b5bfd730ff85f0d8004ee,4.890686798095703,24.926685387439814
02876657_b71afc7791d18eabc573899ac6ab82e4,15.03376636505127,40.33318794033848
02876657_e593aa021f3fa324530647fc03dd20dc,9.219074249267578,31.830987895584443
02880940_4227b58665eadcefc0dc3ed657ab97f0,14.223171997070313,48.1427415886632
02880940_6816c12cc00a961758463a756b0921b5,19.707551574707033,59.27725260466202
02880940_8b90aa9f4418c75452dd9cc5bac31c96,18.335195350646973,56.13712928117481
02880940_d2e1dc9ee02834c71621c7edb823fc53,15.50267219543457,52.180460710847036
02880940_ea473a79fd2c98e5789eafad9d8a9394,14.626647567749023,44.79390864485776
02924116_1821df0ce1bf2cea52470de2774d6099,6.214679336547851,26.064828944260082
02924116_196fbbd797e9738941cefd10ce5d6cc0,14.20089282989502,35.74045009764212
02924116_3e0c9a10f8e200be17b44457cd291bcc,10.046100616455078,31.37226649525522
02924116_3f20a5b51a68667941cefd10ce5d6cc0,10.606303405761718,32.45404958065626
02924116_5beb6cffe93635bd973f659238edf3c3,6.210771560668945,25.612360070366655
02924116_69038ea9a392fbb924254bfe0c86460,9.557823371887206,31.292567072578873
02924116_6ecb28d595b0afdfd6bb28faf86cc36f,8.017809295654297,28.549473018794657
02924116_7143a7cb46facddbe550942ea36e5443,11.664273834228515,33.44936805151904
02924116_73eb995e9b1fd1377cd3cf23748abfc7,15.39405460357666,37.27643131262541
02924116_a0ff4e261a0d8875193d7855ecfc1bd3,12.284503364562989,37.6294584375139
02924116_a3e4fc3d00a38746f9c0f9cbb10e38a2,8.111846351623536,28.755399507540737
02924116_a4617051ca47db2cc29b99b0b80dbb7f,7.847821044921875,27.97699720842766
02924116_e2c4d25593f1173cfa13d53e5e4a7d2a,10.721444702148437,32.32518932918221
02924116_f44b45c031a02818464bb8192aeeef4d,9.192000579833984,30.183187208427075
02933112_15de6a77af2b4fccc59350d819542ec7,19.918000793457033,48.165896805770274
02933112_1715965e2e1e33e1c59350d819542ec7,25.05149688720703,47.13012157152631
02933112_1a2c199d7c8cb7f83d724fd1eb6db6b9,21.013002395629883,46.84363006235776
02933112_1e73a722906872b64da5feafe6f1c8fc,22.597121238708496,46.780646156487656
02933112_1fc8231114fa42a7c59350d819542ec7,14.14463939666748,39.163813900061506
02933112_225905a8841620d7f6fe1e625c287cfa,13.458269500732422,37.20910348833689
02933112_23e3c2a2f61ddb2986d53ab0fe94e911,29.496725654602052,59.314832725178526
02933112_29b34b5121639a65c59350d819542ec7,20.8160400390625,45.35511931551787
02933112_29ce2b045bc6111912de5317fe5b354f,23.2784574508667,53.63499804871289
02933112_2d7bad601f84c83686d53ab0fe94e911,21.21342945098877,46.79531686909274
02933112_323c85aa6d1949abaec7b0e2cd000db4,17.511151695251463,45.09496687569667
02933112_37d41aa1ab8e7318534f016fc3878f48,15.316972351074218,39.47226754173971
02933112_3b3a1bfd87c87a184b499a9d711de5a7,22.72378158569336,47.53638528728456
02933112_3fcb5eaa202513bd2f815a05dcd7ddb5,16.45983943939209,40.679269134293406
02933112_455a583e41579db14da5feafe6f1c8fc,25.365958976745606,53.28324018717613
02933112_4b06417d98fabe3b4c62bee40dcdc539,8.04506893157959,31.850795976693647
02933112_4e02dea48a1bed6bc59350d819542ec7,17.074972915649415,43.443122765717874
02933112_533ca24b72a0552c5057ad0f363d6ddd,9.514145851135254,33.19568022830992
02933112_5a2de91981d27ba3c59350d819542ec7,22.526240730285643,49.455778752585104
02933112_5a3428f5690f57a7cf004563556ddb36,17.52697467803955,40.580433922488325
02933112_6c45346990283b7fa2e244117f013369,14.211947059631347,38.71740164802846
02933112_76fa5df01e82242c684b7bc3f8a9aa55,10.621351432800292,33.6403793459418
02933112_85502157d9e253d411fc2b865c2a185b,17.53872947692871,44.12796412083957
02933112_85b82499e3ce7aea3a5893ad04c930a0,16.56915416717529,42.29702658197315
02933112_8d4833c24a4e983fcf004563556ddb36,16.09024543762207,39.02702075467815
02933112_8f55954a0b07a4b2bf64ff63662d244b,10.902593231201172,34.50873349299638
02933112_90c2b07e831f5e7fc75178c2e93f5b68,9.722651100158691,33.95938157480987
02933112_942e67160b47dee1b27fe5b4f7a28eec,18.193746757507324,45.76131153201962
02933112_956c437be87a2be5f51f77a6d7299806,17.359817504882812,39.45334118103237
02933112_992e569c61916848e26ab56647fa5b85,16.42103271484375,41.356647402449255
02933112_9ea0005f3d702b4f6cc679ef84e06ad6,19.26535873413086,42.8870759584533
02933112_a1daa27571e67bf7239d26686a11c3,20.307916259765626,44.222113948354156
02933112_aa0280a7d959a18930bbd4cddd04c77b,18.060148811340333,41.236983250844816
02933112_aa28deb4dd304d12f51f77a6d7299806,20.1685884475708,43.875352810314695
02933112_acba82ca76cb0201774bc00c294ec5e4,7.847916793823242,31.451848123001085
02933112_bc1bca3cce664ab11fc2b865c2a185b,16.43443775177002,41.89155075708939
02933112_c5212968cd5ef1dc3c6e7539caf3791c,18.135272979736328,43.78788236733105
02933112_d4a7b45abac7a39c59350d819542ec7,25.68836555480957,53.835235305605906
02933112_fdf32559c6b7a6643fe047712e43e185,22.099339103698732,48.37703017459233
02942699_2c0b4e318766e01723cd81bf29b64a1,12.36723747253418,36.85097158794701
02942699_3b56239e45828d2bb4521a835b1946c8,4.318538665771484,21.624449870948883
02942699_9e91f482b829c4d1e9fff7dfdebc774b,13.473247909545899,37.072051825585895
02942699_a4b0c73d0f12bc75533388d244d29c5c,10.785292816162109,32.90756803608701
02946921_19fa6044dd31aa8e9487fa707cec1558,11.720195770263672,35.177775356851676
02946921_bea7315d4410d0ce83b1cdcee646c9a4,14.691939163208009,38.98423715309851
02946921_d052c17866cf5cf8387e8ce4aad01a52,16.00636234283447,40.50048212487641
02954340_6f93656d083e985465bae2cb33eb4baa,12.055459594726562,33.02857896043517
02954340_e8a97a1fd97c1a75a52821bf1aa3b19a,11.178668594360351,30.662286573828972
02958343_164c8597d8eae2f6f21c3b61f0b564c4,7.689863586425782,29.335638176574253
02958343_180d1e3463c29355bda72093f9b5aa73,9.991314315795899,29.011125470944194
02958343_19042f5a90290859441c11ab4641b257,8.700266647338868,26.510725180217193
02958343_2236a1b9cde71eff13d31c5a107f3c4,10.095393562316895,29.653178071882767
02958343_247de29743ed24c5e61b9ff60b1be412,7.511225700378418,27.63429425412974
02958343_2dbfe9c041fc6b3a94ce9d7b04676231,13.385463905334472,37.263442009704875
02958343_338eb8e836639e09f8f1f8fdb364ff3c,9.224810028076172,28.85585055211565
02958343_36f8760e54a7a1835cb0db8915167503,7.913430786132812,25.589640970703254
02958343_3a5357aba2201fb03f823401cb5b3c88,9.14483413696289,27.63622256375945
02958343_3b1ad5c98cd92726b60a292fcb118b54,8.389588737487793,27.010941181461675
02958343_42147d774e08199564c7d8ebbbb68f5,8.318987274169922,28.816238299342828
02958343_44f4bebe8b14badf314b3b3dfd6337f4,9.350504684448243,28.564739841191145
02958343_4d22bfe3097f63236436916a86a90ed7,9.802982711791993,29.523301265974982
02958343_52ff21d1ba10add4bda72093f9b5aa73,10.246367835998536,29.384122525536487
02958343_59c662d403a108d47074a72a1ea2aef2,7.390525817871094,25.228538571216045
02958343_5da4c0cd066b7d0889d347432ecb438c,8.975246620178222,27.070641275916152
02958343_651497ec47e9d1182e877e82c90c24d,9.189482116699219,27.662234171731026
02958343_687253f72301b508c9c0a46cc4ca6589,9.85006504058838,31.9773177656568
02958343_7197ec7776d4e23f10a4b3894aadc04,8.156703567504882,26.580090481094018
02958343_72502c40fc59b62f4fb68b983a4df738,11.616229820251466,32.62280556029375
02958343_7be86bfa8edd04fdced2b3ef33cc51ac,10.798428916931153,31.42739637264472
02958343_82a783a1ea4e34b8d7755e7baabe8a6f,10.401503753662109,33.476631509237535
02958343_83f205b7de8e65e517f9d94e6661a9ab,9.8000638961792,28.115406810438635
02958343_924599eb8b6aa6429ed410a010efa019,8.174886894226074,26.601521534831345
02958343_9757fd5be93ee0fc82b157e7120744ea,8.759632301330566,27.08232541816765
02958343_a281de4b24f5500d4c40f34de8f3bdb8,9.132996749877929,28.140267215903272
02958343_b28d1b3e81f407571c02ebb3dd0baeb1,11.12988338470459,31.657596146699316
02958343_c30bf6d1ae428497c7f3070d3c7b9f30,4.722977638244629,21.771863349732552
02958343_ce8dae15de55bc57ec96068985a57399,7.611433029174805,29.071141869110132
02958343_cf32af5869fee4d34eb766e5a46fceab,10.106020545959472,30.371740601662292
02958343_ddd17a0d7ca713f2291ea03049d40375,8.162683868408203,26.32104370051815
02958343_e21ff1f90750ab24b8085998d32fb54,13.1721622467041,34.36277479775796
02958343_ea37a9b97e092552b927782fc69a1fbb,9.181264114379882,29.832491070870393
02958343_f06af3b73004c92ec7193c87bbfa9088,10.18313980102539,30.326562154165966
02958343_f21188e5f1a6468050bb0437668bebb7,9.150771331787109,27.382411837856814
02958343_f8885a2372b427f8f2626f7f7bd2296e,9.024539566040039,26.61953751952784
02958343_f9eaaf5abb238c22851f021b9ed69c58,8.268249893188477,25.70354063237627
02992529_1b43d9193794748e31811399a4ff3aa0,5.112323570251465,25.15351214661024
02992529_2b48b14e226b131af3b2c084b195b056,7.829713249206543,31.326095426060725
02992529_2cbfb354e5dd731dfd6c7e3f0d9c56c1,9.251949882507324,33.95977164691102
02992529_6475d2eb77c7ed5a59812638b595a4ce,8.045673179626466,31.422150194647852
02992529_64b6ddb847da082d761eb63018291094,8.293182754516602,31.81593848672625
02992529_8b11b38e035143ddb007a3ad40c5add6,8.068738746643067,31.028549769297946
02992529_8f1ec459492c61ff562c8e1ac545ef78,11.057426071166992,35.5936878991484
02992529_95e61ab6f817d7ffdf3f86c9fe70c0ad,9.774443435668946,33.31315152524459
02992529_9911b2ee8470d6dab2098fa3046754f,8.346630668640136,32.14580285121834
02992529_a3f4cae960ac74babc54d4bc75a1a826,8.510784149169922,32.49860344531312
02992529_aa833540c3f2d77e2915acf4d1de24fe,7.855453872680664,31.067297322726464
02992529_b854fc846c1fc2ba619a006c72381476,9.639047050476075,33.79867476886292
02992529_c5188dbebddbad3597cfb99c9c9efbb5,8.169034194946288,31.727396617638803
02992529_e870d160aab8a55f1a696e9ae9fac3ba,9.25604076385498,33.046485550648896
03001627_10d5c2f88b60bbf5febad4f49b26ec52,26.582230186462404,54.97935170496596
03001627_1157d8d6995da5c0290d57214c8512a4,7.3274633407592775,27.789071282869983
03001627_13cdc9e018a811a3ad484915511ccff6,10.761794662475586,34.037271741764265
03001627_1be0108997e6aba5349bb1cbbf9a4206,6.8368535995483395,28.94825344642812
03001627_1bec15f362b641ca7350b1b2f753f3a2,13.340847778320313,45.42321502596391
03001627_1f5a2c231265aa9380b3cfbeccfb24d2,8.252730369567871,32.952862059887906
03001627_2364d6cbee1425fdc3bd24f986301745,18.56092948913574,48.55569256002027
03001627_23b0da45f23e5fb4f4b6538438a0b930,10.845733833312988,35.34426776072626
03001627_243ab0d808fae5b76f1d1c49624bcfed,10.534464836120605,37.07581294905744
03001627_249f3eb6a7236ff7593ebeeedbff73b,16.102639198303223,45.199066024771724
03001627_28d27f1204c1b3de6512b7b24f3d84,9.789984893798827,34.08479235247107
03001627_2a0e0b51d919f030ad484915511ccff6,8.167670249938965,30.79278053002615
03001627_2a417b5a946ff7eb2a3f8f484e6c5c4f,12.264180564880371,39.45676356988238
03001627_2ca91e56bef8cb5034af953b663e921b,7.58644962310791,30.60502492231084
03001627_2e5e60f57621c1e7480c54eaada840a1,6.553104019165039,28.358873306368743
03001627_30fe29d73b410c3855efe429bf27a556,7.053082084655761,28.874799633888426
03001627_32284e0d1700dc55e7c7920f6a65a54d,6.629696273803711,26.463798363766855
03001627_3374905da20ad76f3c9c1464e55d580,7.032584381103516,27.661017584486213
03001627_37a0959115e6fb4ce7c7920f6a65a54d,16.156527709960937,44.00423107307116
03001627_37c5d67f97a2231cf51f77a6d7299806,6.177643775939941,25.403191375756894
03001627_38d623b46d07a93fb7d9d23574a480ae,14.200531387329102,43.9250588807346
03001627_3919e93cc1f3bf5bd7f7a4c4609b0913,9.524914169311524,34.74674434549513
03001627_3ae2857e04641093b0957d845ac33749,7.329098129272461,28.87181145323419
03001627_3de9a7a40851ceb971a782a4379556c7,11.726221084594727,38.912140310697964
03001627_3eb9c5fb2a7ab54d490ad276cd2af3a4,9.887305450439452,37.49831786668521
03001627_44c25bfcff4a4a4e4dea158f05aae320,4.537918281555176,20.46335927925536
03001627_48f2c6ee2c8ea7538cb22acd3160c793,12.513279342651368,41.81019168854896
03001627_4a783b2ae8fba8b29dcf2183c858e6e5,6.616594314575195,26.607374695804534
03001627_507de496a9a77945e40b5e9eb4befc2,8.209875679016113,31.008595166173556
03001627_52d747ca443134da81dff5c2e57ad46e,17.132675552368163,49.813305662563884
03001627_541746ddb47aa2af4e186c8346f12e6,7.982954216003418,30.58520214968558
03001627_55740c07554a726257f40ff86fe708ff,14.265290069580079,41.786757734079615
03001627_56cb679a49a3568998d5fc0473d00a1c,7.5500085830688475,27.99541690749546
03001627_57b043906feef78fbeae145d587f201e,12.787012481689453,38.815783040620694
03001627_5840d369b3e0e40f7c4ed45ce654123,20.019782257080077,46.61787216942074
03001627_587ebb2aa71acfe644dd3aaee16d3f4c,8.839549446105957,31.531766515015317
03001627_5a4c550b1b41114c3d2617f9171b5ccb,9.823422622680663,33.59304155677603
03001627_5ad3a3c3b67433174733824eae5cd9ae,11.469802856445312,39.94848779002519
03001627_5ad4512976afc746564eaedaeaa04f28,9.767996978759765,33.468820939408744
03001627_5b2b23120a4607dff7628281ecb18112,13.240686988830566,39.789929311472534
03001627_5ce845f80b1d407282dde982679cd879,11.04805030822754,35.0305878169346
03001627_60e36f3ad1dad5cf71f761119ebf0b45,7.534817123413086,29.222438048012794
03001627_631671b636ab97d4da41a38d2e317241,21.40196647644043,52.30769124219265
03001627_64d535abf6fe5ec46874ce99dea28d5,22.677769088745116,54.587947465559346
03001627_66c9a5aa7b4e528a290d57214c8512a4,10.841851615905762,35.22262237244067
03001627_688af6f43377f16bc3bd24f986301745,18.919475173950197,49.22989284725301
03001627_69e591a9769e03012c528d33bca1ac2,15.755416870117188,43.54383908863657
03001627_6aaa9bd6e835eb0f9b9f2eb77f5e247e,7.138033103942871,27.73665750292462
03001627_6be6d6ae38d8aca4dc2cbc0befb06e1b,7.875934600830078,29.372344955970213
03001627_6df1ecffaa0abdbf327289c00b6dc9ca,7.691387557983399,28.028816052880497
03001627_6ecbaaaebb241ec34b3c42e318f3affc,7.350583076477051,31.03402812624476
03001627_715530026c6459873e8366d7fa2c218f,8.955461883544922,31.710615087158285
03001627_71a0fe77f0bc1cf94187eeeb0dea4986,15.113483047485351,44.763966351328214
03001627_72beb9225a841cef24367084627d607d,18.06492977142334,46.68699523912783
03001627_73374d8256f79089c308dc58cdbda034,9.015037155151367,30.638350375581133
03001627_74518f7c342b49191030665054ebb2a9,6.858273506164551,27.590583076648592
03001627_76710f51915396e0327289c00b6dc9ca,9.018181037902831,32.167104400426005
03001627_77dcd07d59503f1014038d588fd1342f,11.684730911254883,36.74011414628118
03001627_77ed9ca45b928542266f89139e159db9,18.559565353393555,49.72033420361713
03001627_7905bbf9abc0c264f3443b22038d340,6.199372100830078,25.113951800038958
03001627_7bc3dbe5a36791cb451e78cdde0ba44f,12.153695869445801,38.706278226865095
03001627_7ee09fdece7d9142afdb9a672b7d3b8a,7.118613815307617,29.077086211880367
03001627_7f539a846e9e88f0d9fad8aba2c312b7,11.2527286529541,36.949124030759656
03001627_81276e5b6c8871634af957103f4767ac,5.297734260559082,23.71305587947612
03001627_84f7061e038484492f8cdfb829e0f65d,16.0591833114624,43.399444206808184
03001627_85f56a4d68ff8d75c3bd24f986301745,13.609396362304688,42.91138188621427
03001627_86c28989c2edf29a2bb396d08a9b621a,10.712327575683593,36.183247748245975
03001627_86fed830cd355f591c0f52f4ec8b820b,14.891718482971191,41.385118075558346
03001627_8a67fd47001e52414c350d7ea5fe2a3a,14.055610466003419,44.804447827057
03001627_8c3a4f26d6ea2c864a3bb1a89bb7ce84,13.26413631439209,41.24634342468014
03001627_8e2b44ec14701d057c2b071b8bda1b69,11.70600185394287,38.873518547311
03001627_939d97b226f11272217ffa735084910f,12.963920593261719,39.452348328378015
03001627_96af52c34e42b546cd2c9316e943c316,7.7829139709472654,28.809949942367886
03001627_9795162b409011c2a6fee8e2140acec9,7.938944625854492,29.443617483737253
03001627_98b003470034007f51f77a6d7299806,16.615663146972658,44.73030142017232
03001627_98b698b0253d933b72dadd9292b51ceb,14.502482032775879,42.11881095563988
03001627_a1133464132d65fcfce0ccdae30f97db,6.832529067993164,26.820995400557695
03001627_a27a04ccbe8d5c90b91fe758ff985f40,31.32329730987549,61.98545961793202
03001627_a2fdf98f85cec8696ca407465d3c74d7,8.084603691101075,29.87722985024474
03001627_a680830f8b76c1bbe929777b2f481029,20.805861282348634,44.80562142007236
03001627_a6f280a490010a1d593ebeeedbff73b,22.219360733032225,51.93833993018085
03001627_a7bc0f5b5d73df73f51f77a6d7299806,8.07336368560791,29.863604416388952
03001627_a9a1147eae9936f76f1e07a56c129dfc,16.00353832244873,44.344516677864604
03001627_aa6f5bed94640d81c20bf61cb7d8cc34,7.863731575012207,30.135897488109634
03001627_b23cd3a93c8adbf56d33c8b6c0fec1f2,17.03809299468994,43.89584920976915
03001627_b596b505cbeb456e763d8d4012bcdd98,13.265475273132324,40.99524355469704
03001627_b631b78c2dcc748cba5342d638d0c267,10.519511795043945,34.43289547021775
03001627_ba56f02dee485974c242632b2a8c3129,16.81587963104248,43.58160519493611
03001627_bb7755090f984ba85dd1bba5b1310523,16.22231254577637,47.57819747209472
03001627_bd6bc40b3327e5109501f2fa226917d0,12.513258743286134,39.15420642420199
03001627_bec151e32bbc7e9b28c54e8f8953f499,19.925744247436523,50.07256932940914
03001627_c54a464d63efcab2c389b3ea958c8248,7.043902969360351,27.88601083409455
03001627_c5958d1f079b0be47b8e25a5db8c2573,7.930490112304687,30.978140569941374
03001627_c88eb06478809180f7628281ecb18112,17.832048416137695,45.05457093769308
03001627_cacb9133bc0ef01f7628281ecb18112,11.694594955444336,35.778745005066085
03001627_cd4fa15a13d7448a14038d588fd1342f,16.24517478942871,42.71605981630305
03001627_d00a7550cf050fb3720daf9b94e7a5a,12.522781944274902,39.9447086063563
03001627_d0215a0b82661b82496d6322c763591,8.49538459777832,31.556361388409044
03001627_d29445f24bbf1b1814c05b481f895c37,10.17336826324463,35.952836295629986
03001627_d3bf9df2360f0a56731dc97277e95217,7.327186965942383,29.73134237254393
03001627_d490f77bed3bded5af7c7ad2549a1b15,9.445615577697755,32.801167265298375
03001627_d4c3dd37d27afa8e7c5910dd17778965,10.375949668884278,34.928831452049415
03001627_d4f194efb445914e4b3d6a0fb5682cc4,9.055708885192871,32.49566816900989
03001627_d504ebe36ddde74cb5e61088d6c054a1,8.834559440612793,31.16533548876933
03001627_d7c9ad0bb877b0796c9d2c8251e6074b,5.930638313293457,26.765587535418295
03001627_d9558dccfe8e3381e45ef4135c266a12,7.152737236022949,27.990108792017388
03001627_d97c5945e9449a58737e4e0df09d751,9.430129623413086,32.085376604582535
03001627_d9902456104543c898d5fc0473d00a1c,6.176873016357422,24.054155932853188
03001627_ddb53381dfd0a2d7d2b12aa6a0f050b3,11.510424613952637,35.90818896455589
03001627_df91f68fcd968fd0e4f1a5bf17db27b1,24.461441612243654,52.407688701449956
03001627_e0badcef3c110ec6c4963b39d8846214,6.275373268127441,26.323321783724904
03001627_e127ed243617eaf04904d89e9169817b,8.03447608947754,31.02299430047253
03001627_e3b04359a3e9ac5de5dbcc9343304f4a,10.369086837768554,35.68776723940054
03001627_e8788e6f0292f503f4b6538438a0b930,10.625465774536133,34.69301517765347
03001627_e93649e36377a12050e52c25df21b57b,18.871736907958983,47.31734732016471
03001627_e9a8bc335a7faf78f91663a74ccd2338,7.34355411529541,29.097410387196724
03001627_eb8073ac89cf7b4181f667e2a25e0619,9.385114860534667,33.21219334272015
03001627_ecd46956b35523fd492d9da2668ec34c,8.52875213623047,31.675689819182747
03001627_ed108ed496777cf6490ad276cd2af3a4,6.828330993652344,26.434306618845323
03001627_ef4e47e54bfc685cb40f0ac0fb9a650d,10.922842407226563,36.030175224197166
03001627_ef5eb51bbb7141c119fb4103277a6b93,18.273888969421385,44.91961523162627
03001627_f294980dc63731dcd0ad32b8d8cec005,15.39528751373291,41.27804524659944
03001627_fa8f7c225d3b9f1def4a09e7eb872bd9,8.030164337158203,29.80270836437347
03001627_fb3cae311c16eae32b18cbea175ad66,7.282151603698731,28.505782239507788
03001627_fc723b936f8d8443492d9da2668ec34c,8.421140670776367,29.263988317897375
03001627_fd726084724adeea492d9da2668ec34c,12.740512275695801,40.67983662279005
03001627_ff2dbafa8d66856419fb4103277a6b93,17.62141227722168,43.68986888791408
03046257_32a7331dfe2c9a866463df620b7b4cbc,12.826316833496094,41.65382389431787
03046257_636e572331f872e3e7c7920f6a65a54d,11.357976150512695,38.14724375479502
03046257_85551ef04a5bf758c0a61ad1cf92b694,12.947298431396485,38.03734457699397
03046257_8b52d84dc97eb3a74740473002adcaee,3.0496315002441405,19.960484077875403
03046257_8f8858484eae0ef5cd94c4ddf9d43fa3,13.328028678894043,40.65041652610953
03046257_990f4d12875bbd61b76982957f05710f,10.5484769821167,35.79346894073776
03046257_9973f62eeb03fa9b6e259a0b666e79d,10.578670310974122,34.271957202637076
03046257_9b66a37c0e1a1da2d4096e81fa01e27,10.628786659240722,37.18429098583434
03046257_ba090cfc159e1495a9575f4ef037dfdb,13.296047019958497,42.451145004076835
03046257_caab4218b7855fc5de9107ce13dea90f,11.042240524291993,36.059955768529086
03046257_cf0208d1c19e8313cc63543a91bdd558,5.2842670440673825,26.16141219942387
03046257_d11f6cf17b7c9e7a741f8bafb2e2f5ae,7.5152637481689455,30.766074903937135
03046257_e26485c0a14a90867903707764646db,11.973012161254882,38.92893787715284
03046257_ed4815a2c0d6e641809222e4341a7d65,10.039511108398438,36.36150213807269
03046257_fddee751fb9c7244b3c42e318f3affc,12.95930290222168,35.971408676030144
03085013_57a57e95d06b60458ee125fbff9e483f,6.87364559173584,27.721656635332454
03085013_ac37c2bffd932033c03cb21be18ac701,6.2932954788208,26.614590420483378
03207941_b66bf349bacc035437b2bb75885cfc44,24.130715370178223,48.12637662922856
03207941_fee1215825c04d1d9c12d6260da9ac2b,22.269940185546876,46.66846219749341
03211117_1a92ca1592aefb2f9531a714ad5bf7d5,13.718362617492676,39.959730066221276
03211117_2fc578c8daf35023ef641b9022b66b97,14.231392669677735,40.18181172064344
03211117_31c2bcb49eebce088198059e96f7b9ac,14.110401725769043,40.69497649461015
03211117_3934f942bb0b462a90b6c749bc63f3e6,18.182560157775878,41.55655693343156
03211117_415b39d4f60a36d742274cb89cb6c841,15.16263198852539,40.39457339252789
03211117_536bbf9f697bbe881df9770149d6661b,16.63810806274414,43.3948878537541
03211117_5757f2fe8b1b4b559ee60daa6185f65,17.810784339904785,44.611474359965726
03211117_5cbdebf9422d9858dcabaa2ad147fa73,14.83310604095459,39.87962122229234
03211117_60e6ee2c3a2aa3fd6d07c55cf995503e,10.156315231323243,35.81417628947827
03211117_7c06bba1afa0553225a454369d791fb0,15.906114196777343,43.60730784794425
03211117_8359589eb5c647a61f571c9e890db987,14.118336296081543,39.790890393089654
03211117_b569ba9d9d74e7d5184dd44a99578080,14.69322452545166,39.54299498326648
03211117_ba0f98e212668fdd22532be027c41b0c,16.78040771484375,45.062438516731994
03211117_bbfac23f57b5fbd820e867fd9fb7164,13.034062767028809,37.89954959388513
03211117_cadc40a7bb182a40cc229b563d900f4b,12.216080665588379,37.521732768182424
03211117_d1ff5895420a205dba1a3bdff265e174,13.922653198242188,41.409175277906456
03211117_dac4f4f039a9467f46d83d16be057f3e,14.801987075805664,42.74446030645546
03211117_f1a3e41b45de104a810988cb5fefedde,13.37174949645996,40.43440810705372
03211117_f675d7c91d540e6bb45df535caecae62,16.76731719970703,43.80580727939373
03211117_fdf3953c665c36fdeb47c06d7d8c2d65,13.105335426330566,40.90362179571761
03261776_1a5e2a7cddc8e46aa681aea7976a4565,8.91484088897705,36.47804606792363
03261776_ba1ba6d3a76841132e398c137a41081d,10.130151748657227,39.4102240071352
03325088_2b06f6839c637fb54d7082b34825ef0,0.6804746627807617,7.1610678315893095
03325088_3beb681d384c32a076d20e73c57c9a03,14.54666347503662,41.01319329597311
03325088_49a6f4ee7fabf08cb362845c6edb57fc,10.612301254272461,34.233566097849454
03325088_4efc45b85110c23276c18e71fd49c4dc,5.721377372741699,28.294238364824434
03325088_567eb00396cdb60214b35a7d7cea7130,5.479592132568359,26.950678247610877
03325088_574a71125f559fbeb362845c6edb57fc,1.1310060501098633,14.473897338042773
03325088_66cc5be6bf49f17589577ccf07b31e7,4.26289005279541,25.242354080948736
03325088_67525c6f3d27609f4091462be8a295b5,7.257668113708496,28.810591916994714
03325088_677080f1736892d7de9f0235251bc840,5.599848937988281,29.877300775525896
03325088_808b5b4a67f645db362845c6edb57fc,8.75477638244629,33.35907727686889
03325088_850f04c8e1d8039676c18e71fd49c4dc,3.623245048522949,23.416057615368803
03325088_97a5a1bd8e59e98ce2f066782346a992,6.587296867370606,29.881839430129208
03325088_9d98b2c3591441a83321831d2245cf06,5.052209854125977,25.409536288873163
03325088_a61075356271eb72979c556124bee033,3.355533981323242,21.684677788366383
03325088_b58fbcabbdf942515e861292bc046f7f,4.205740356445313,23.11872627580172
03325088_bb727c220cb940bad3ac876afae3fa86,17.39632377624512,47.582157538228856
03325088_cacb193f82cbaba0b362845c6edb57fc,1.0819936752319337,14.295869087313232
03325088_cba9093647736733275d003e423c59ba,2.8955074310302735,21.76057353591839
03325088_d24b5c4d9635352c76c18e71fd49c4dc,6.102790451049804,28.555199216755753
03325088_fef67b0b5fee52a1843f813f752a5e35,3.9253166198730467,24.318270186446185
03337140_412dc6b03934e4984c3aee8e9d3a6ffa,16.966783332824708,41.8519851211119
03337140_551404936411078ce5d6e9371bb5c33,21.143530654907227,46.031097028930645
03337140_7969fbbc3d46b46e4c3aee8e9d3a6ffa,13.21708641052246,37.84495678179187
03337140_d879a859aa635c4b91c352d02061b3f7,11.389166069030761,38.66139127945799
03337140_dbf34becc9a4e4c34c3aee8e9d3a6ffa,9.623210525512695,32.89754240808634
03337140_ef16caeae076c1a530bbd4cddd04c77b,15.507976150512695,40.257418657157594
03467517_1455e11a8e89e348c80076acba9f64d,3.1739952087402346,22.63935745221627
03467517_176ceacdbc44bc3569da8e7f9a803d12,2.2678924560546876,18.62066003578406
03467517_2e2d2d6dbb316502872341b062fa57a9,2.5360605239868166,20.516300068221785
03467517_401ff6021157dee293f0194265a9746c,1.673886489868164,15.92674715766793
03467517_407b7a6118e1cdd240c20797381ee39f,2.7598371505737305,21.559329738694892
03467517_4a3e5c774d15a35c1082f2ea630bf69e,2.8973690032958985,21.809350350266232
03467517_4e4d180e78d8b52a93f0194265a9746c,2.0094532012939452,17.084565465470416
03467517_8f59fee745f1e37ea5c8e9fc8b2242fd,2.251044273376465,19.50266267146361
03467517_9f938cb5771d594580cbbabb0edf7284,4.546394157409668,26.533485176933173
03467517_b004331ee5cc39caa24eeca91f583600,3.2462974548339845,22.97855761808791
03467517_bf7026f9814230414269db3f92b7aa5e,2.752048301696777,21.417817903705156
03467517_d7a9114b17fbacd376d05024fabfa1e5,1.9143800735473633,17.12904585579464
03467517_dbdf45cab0adbded1f260c1b356c52ce,1.7974334716796876,17.490100468546984
03467517_e7b57f47d2ff2093f0194265a9746c,1.576279640197754,15.80192367736859
03467517_ebf7994fd17b6331c64d0082475b0472,3.8079837799072265,24.752658461604703
03513137_37f55552b517eceb501db4f27570eeec,9.419318389892577,28.733057836304063
03513137_43f6f91a2a64a62b5fd0ea7ae0dec99c,12.80602798461914,32.30717277925999
03513137_45d6e3b0b91073af7359b134afde902,7.730166816711426,25.687762209205502
03513137_d739548a9b15c18cfac6099f3d4830fe,6.721146583557129,22.021188133311963
03593526_1a01c2d7705193b4917cb569753af492,8.243781089782715,33.84288916998301
03593526_1d4a469bdb53d3f77a3f900e0a6f2d83,6.336335754394531,23.871457006966175
03593526_6dfb59f33c88a4e0263c42ff6d6b9672,4.33392219543457,25.42681078220269
03593526_770f2adb9756b792c9f016d57db96408,12.059083557128906,34.90133923091009
03593526_7d71fc51ce793a44befd8bfd61b07f5,13.284370422363281,37.24982336232791
03593526_82b47431bb7a115a797bc94512844136,17.373951530456544,46.074337415203274
03593526_8ec888ab36f1c5635afa616678601602,10.102389907836914,30.288860616549048
03593526_c9f017cf330911ab1fc611122dc20c0a,13.253435516357422,38.25116396889343
03593526_d6209472e79d0a2422b13c48c34706de,13.374690437316895,37.891205032779595
03593526_ef5269ba557da598561dce3fe08634b7,8.248283958435058,27.02543047954977
03624134_171c19d5205fb3291fc43d5b32fa230f,1.954705810546875,17.015312803703086
03624134_2743e37a65e198d51592d7a04a86fa53,2.910515022277832,20.74237140152367
03624134_331bf2eb28033c1d1138511a51ff0534,2.0400341033935545,17.38736047576008
03624134_665bf5d30d342d64adee73efb2c043f8,1.3939195632934571,13.775392726566825
03624134_81d9a6aeafadb719ed6e4dd9aa9b9ab0,1.9866872787475587,16.82420203830232
03624134_8f499dae474bf37589757884a4547730,0.7126750946044922,10.382444729245695
03624134_a105080ce4564145aeb54153795ede63,2.5511756896972657,18.791793088848628
03624134_a385e6b7a1953838a1c6ab435d705f36,1.8698497772216798,16.23499373098195
03624134_d61a5fa6dc3f703613abf93d1c879c43,1.4180269241333008,13.983127222214575
03624134_db13421379091e50e0b68f51ad1c0011,2.441783905029297,18.791212039222074
03624134_de69d6441bbf8d39230a4d129580843a,2.2508193969726564,18.47641299283726
03624134_e8a6915bd0bcf1bebaa284808a1567a8,0.9792060852050781,12.237372612976218
03636649_101d0e7dbd07d8247dfd6bf7196ba84d,8.593638801574707,35.59194856862021
03636649_1129a07c75f5a709cf004563556ddb36,1.9291685104370118,18.8543752340649
03636649_18ed152bad2c123b4b3c42e318f3affc,2.7867807388305663,21.624733184811898
03636649_1c9283c95c8bddd5efacb264ebf1ec75,2.2641510009765624,18.999527775311616
03636649_1d963d5c54613202b0aa15078ea6f391,4.620506668090821,23.450807150210036
03636649_1e5e1ff56c27c0d2adc5f5aafedb1c38,1.6907323837280273,16.15156213920823
03636649_23a8eaabd1343badfcb8d8c6d4df8143,4.7913923263549805,25.21380292826789
03636649_266d6b136cba49504b3c42e318f3affc,5.183340263366699,24.510468814056782
03636649_2a52bd01472ec7e1589ec67c01f5c1a7,8.265430450439453,38.41467558171173
03636649_34e4bfd2000916c6a5f9d52c12457194,6.499675941467285,32.23649292859598
03636649_36cbe594af434ef9a89ecd28750d46ac,2.3185705184936523,19.594814688579877
03636649_418a6ed14b4571daa5af58528d00e4fc,2.0630172729492187,17.91380525930986
03636649_43989558d13b1186dccf149c7b4065e,3.9005386352539064,24.185586584456434
03636649_44e442591f82cd4cab0ac374f450cdc,5.813877105712891,30.467183214039085
03636649_47ff70265cba94df900cbe2c18fd90e9,4.088144111633301,23.88562769416553
03636649_4b48b7f72cb4f56ef00f0216ab99ff30,5.063081741333008,28.55756756278599
03636649_5115f9a3af3470ddfcb8d8c6d4df8143,9.896297264099122,36.287109863094145
03636649_52284fc0b5822495ce140b3448f2e640,14.90627326965332,44.837240621258694
03636649_61555024958cb5efe4e7668ba612f00,4.085281562805176,21.537964537985175
03636649_6283ad834ec0730720efab7988749bc4,4.251270484924317,21.885320711761363
03636649_635a3e20af086ce8c0a31f7b214b7805,2.754345703125,23.16777279858598
03636649_6f984fe4627c8333752653a04e5ed7ed,4.3860118865966795,28.291468068619157
03636649_738646252a89e865bc5cf22809274024,1.1583017349243163,13.543066415523917
03636649_763ceeaa4ce2ce1d6afaa22adc38077c,1.5078443527221679,18.07619616182029
03636649_7bebdd742342ba93febad4f49b26ec52,1.1048694610595704,15.322868137170513
03636649_8425ceaafc6cdb0b159fbcda62e85465,2.8814533233642576,21.948893644558137
03636649_8f85c2195890ccf671f0940f5ed452dc,11.796448135375977,40.98174320395318
03636649_91b7d2915bfede639b3360f500ac52a,8.87292022705078,31.491036054958304
03636649_9464e80554bbd3de030fd2fa0608452,0.5598499298095703,9.367729418784602
03636649_9534d5751fd1ed574cc30865d6337b9c,7.919902992248535,29.218572962073114
03636649_9b9b39303c66baba490ad276cd2af3a4,1.3573843002319337,16.01007362473184
03636649_9cfefdc1e63a3c2535836c728d324152,3.9751094818115233,23.071792582291383
03636649_a5423069e30181a019655a581ade300e,3.1255077362060546,19.291229144400898
03636649_a5bfb9a3571e7e86e59f529cd1b6faa8,4.145099639892578,28.5785488755045
03636649_a654df55875a2104d663817442d5278,17.281880378723145,46.84488510956113
03636649_b2e46fb6018d2cf2d93768e7b9b1eabf,4.270638084411621,26.527315673983445
03636649_b88ca09d13a5a472e3e80050b31d1851,1.4861507415771484,16.62197533193161
03636649_c2f055fac2817b263cd6abbbeca4e2ad,1.4774425506591797,14.80287791585318
03636649_c99eaaeb9b941af62ebeb1e6a8111f53,1.290583038330078,15.818226033478721
03636649_caf410661e9311299dd0351f01396cda,6.055677795410157,26.057235416522335
03636649_cbf2fd4e3b923f9ffcb8d8c6d4df8143,6.536994361877442,32.58607475545473
03636649_cd0f2eaac6719a3ddb039d8689a74349,8.09402904510498,31.348869069337002
03636649_cdbb91da1b21cd9c879995e59bad3d69,6.216579627990723,32.879114192692285
03636649_d1aed86c38d9ea6761462fc0fa9b0bb4,3.3074703216552734,23.94871934806619
03636649_d1dc19013dca2182536407ae4270b9be,5.909238052368164,28.615610441955706
03636649_d59202f9d1504c8cc65f1ed6a348c8a9,4.634784698486328,30.229262468225794
03636649_e37de82cff38f88d1735ea0e092a805a,2.102595901489258,17.797319194657987
03636649_e6dae18d7ffbb7ff952c851f81463faa,8.068982124328613,31.39133895002883
03636649_e959384247c0dfbe1e18a354bfd56290,5.938252639770508,27.00452946103798
03636649_f4da1907ed935101ad5d0d05865f4466,1.6919858932495118,16.949809205949446
03636649_ff08713d837d87edf2098a9f7fc86999,0.8925228118896484,14.084606469081645
03636649_ff22bf19e2ef19d12f7ffc95c59dca52,5.4265130996704105,26.08049907081955
03642806_195e2a65e5396271bc7eb7ec22211551,22.65651340484619,50.77860053573939
03642806_1f507b26c31ae69be42930af58a36dce,22.17376251220703,52.92109267303186
03642806_2777dfcee7d0f364b0d7b0d4230df8ca,20.381214714050294,51.15032877598421
03642806_39e80a6570002a431181170a86d04637,22.186957359313965,52.44309541101459
03642806_5458437965b3d5da2462e129dafd29fb,22.49578990936279,50.87061359713866
03642806_62b25a5e3119b8409023147b38c03c9f,22.902962303161623,50.94084462123577
03642806_68adcb59ad19c431676394b063daab40,24.686283302307128,53.6159479897379
03642806_91b857a748f0ccf2ab0b172d4dea80cd,23.28700942993164,53.24487492937807
03642806_9f8cc20d6b78fc3f2c545442439c8b8,17.674125480651856,47.96231515383071
03642806_bb33d26f324d19d94845e0946708405d,24.575368881225586,52.389589154143636
03691459_2d53b9798c7ffe7a6e55c6c7c80df9dd,9.078922080993653,31.631034120714336
03691459_2f4e9cc37c3bf5f1fdd84f4a160b8854,8.365569877624512,30.806524516791427
03691459_3a0747975c07896f1ad88f716ea80910,23.201099967956544,47.03247486566305
03691459_3fbf353af74136feb9001bf6cb0603cd,17.54280319213867,44.42837480178471
03691459_43990d5a8ffd32774f074cdf0a32eafe,12.539942359924316,41.27583397254535
03691459_4d74d8c3df7a85051d225d751745cd28,12.25300636291504,36.5137324631274
03691459_4ded23cf84c993e9df3c63f2cd487888,24.592673301696777,47.67650002890636
03691459_5015233bfd8fee3f3e066187e0f408fb,28.18009796142578,49.030895107371684
03691459_6cd4d9c6b51d785bebc9199df8e5ab6,22.067526626586915,45.32331665430796
03691459_6d755a3d6d0f265d77ea5e1afa5bfe6,14.688165473937989,39.13353951786198
03691459_83cdedb3431e8d8a41c95631f0cd177d,22.66998157501221,46.5680597242318
03691459_93cc6af2bbe3675cda8f53dbeb7453f9,2.43078727722168,17.482807916239214
03691459_982f52d3117411a37ec3f7c14c03a92c,14.793102836608886,39.70432503245951
03691459_a234d7b21f06dc58d77ea5e1afa5bfe6,28.07215061187744,50.26861506470046
03691459_a690234747bb56ceb4767ab55965ebbb,12.20743465423584,37.981008613588145
03691459_af4dd70becae7293efcf7226d1117163,7.576823616027832,29.62511761224127
03691459_af7aded6c26d2b119d3f10ce46ef328c,7.481829833984375,28.87735628046663
03691459_af97965ad9dc0ef01ad88f716ea80910,6.8695556640625,29.704171731586733
03691459_b03b88ff24870f2720363e2561dd589a,10.986460876464843,35.39220688524864
03691459_bf83a8cfb72a6208432eb33b78f3e334,13.296495628356933,41.890295912475686
03691459_ccffe9befaec2d1c4ffa46d1fcb77f51,25.602661323547363,46.91211887566965
03691459_d05c2dfdb34f38433e8a91ffbc9ffd64,12.924393844604491,39.6765067623227
03691459_d8f6aaa777f0cd4f5a31d91ec836a511,18.042126655578613,38.29547439484607
03691459_e031b24fd58c84c12633ff66beb9cf31,21.481138229370117,45.38508588181898
03691459_e47b83b94a1956ad7a16fcc398700938,17.95591793060303,41.42451573938773
03691459_e66486c1f5644e298a0181490cb73cbc,11.884076118469238,36.120419864270985
03691459_f37f4ef72fd0204d839a84b4ae4862d3,15.999053764343262,39.57993396624786
03691459_f57c5e8f460e659f395ea88528a634f,17.588564491271974,41.978351764517356
03691459_f858ecde18c5dae2f398d0c5832df00e,11.559054183959962,35.85342419283727
03691459_fbcef568b50216e3e180a1a604561d3b,19.98194808959961,44.8928885070042
03710193_1e4df43ee2f2da6967f9cc18b363cf72,3.7629989624023437,20.595512349898787
03710193_ab94303f7fad5b453b02598625ec1bf7,3.795267677307129,20.57392096760263
03759954_179d23a446719d27592ecd319dfd8c5d,3.5319391250610352,21.506376348688956
03759954_5e912251c54c316ea35a7666f0cfa5bb,3.218441390991211,19.380754235925767
03761084_628ab6e5d0cf78b8931f48202f034c81,23.800987434387206,43.82951379324015
03761084_6888d8702b758476fc350be62d126bad,26.92719783782959,46.18379172778702
03761084_da44863f40e720ea8a94168388287ad5,24.26760540008545,44.65507604331912
03790512_6ebb8ff387bc2510c17fa08d127e11f7,9.51605682373047,33.31983666644518
03790512_733b75e867591d0fb37378f3c85478b4,8.551998138427734,32.356306110168944
03790512_c8a99ee61a2003308b543692e5ab59d9,6.730552101135254,29.105549913403472
03790512_db5b6c2f64fefe5b448c90b3a2fec4b8,6.788928985595703,29.505447287550822
03790512_f959ea5503659fd33bd003e0bb7a3ed9,10.97622127532959,36.133876300139725
03797390_3d1754b7cb46c0ce5c8081810641ef6,21.516749000549318,51.44919408053966
03797390_513c3410e8354e5211c7f3807925346a,21.64947967529297,51.304442756861135
03797390_52273f4b17505e898ef19a48ac4fcfdf,16.14552879333496,46.29092613721487
03797390_bcb6be8f0ff4a51872e526c4f21dfca4,19.971960639953615,48.26816620665525
03797390_cf777e14ca2c7a19b4aad3cc5ce7ee8,21.523264122009277,53.13542888727035
03797390_ea33ad442b032208d778b73d04298f62,22.28594226837158,55.1868202063975
03928116_282e61eed4ab9a06bd049a07b95e6725,17.665225982666016,42.02212709786048
03928116_3c9b7b7fe4a349c618dc1e4c79721773,11.678461837768555,35.484236318682875
03928116_5a62d52920d2fa959335ab591bdc347b,13.797840690612793,40.53322529553292
03928116_8678ed372995f6e49d1512864d95af6d,7.972456932067871,29.322454645609206
03928116_8e3923a40b3889e532f775d262a68ce9,12.870030975341797,36.47676066579495
03928116_ce7a03d645722d503f7e27638e63d848,11.682393836975098,36.486632291057354
03938244_2ec52ad731536d294b3c42e318f3affc,8.766275596618652,27.712290646445048
03938244_a97e7bc8291f73d521788cb501e76904,11.132772636413574,32.1902954621139
03948459_139ecc9b5ec25ea77a9772e56db4cd44,8.067809295654296,29.942157864699908
03948459_706a2ebf066f3cfc8af105e8848bb6ab,9.113846778869629,32.5993809447148
03948459_9a1208d777d287bbaf2c6c19cc41708a,4.051774024963379,21.604659319722078
03948459_d0547b978857a41ceb7091f9004469c6,8.101388931274414,30.547970193605696
03948459_e9e6426605eb6d5952d52701459b1f0,9.422937774658203,32.224905700495945
03948459_f6d52684720d52a01ab78426351eea4a,2.2940616607666016,17.52703764556198
03991062_127b3453b1f73505a2c59a4d90e63212,28.241604232788085,55.122812461154446
03991062_4fcc70a519fac2a3f11c3739edd52fa3,11.873165702819824,43.073995795053364
03991062_52de37a011a32c2fa2c59a4d90e63212,26.378491592407226,54.50121640341061
03991062_a2841256fc6fd90da518b93bb7233de6,15.23534107208252,44.488547293434465
03991062_c85033738a03ae6a3b77ef2474e90dcf,8.87614803314209,30.24663102751636
03991062_f4e2f7d4ba0f8af8c7c88564709ab8d9,9.378953170776366,35.97974945052851
03991062_febef99e371fbc27584536aa725442da,15.921951484680175,46.442090868792114
04004475_2f0086118aef1549f616f642bcfb80d3,14.482795715332031,41.944109568772554
04074963_58156300ed442f981047874d2f3335a,3.8399009704589844,22.250011538712755
04090263_18e5827d2cfafd05d735fa1ab17311ec,2.559619331359863,16.715609579563075
04090263_22d2782aa73ea40960abd8a115f9899,2.5706449508666993,17.68892419863212
04090263_2eedf3a4c4eeee20af56497f051566ab,3.187142562866211,19.572959127427218
04090263_3d6ea8a01c3330ea8b22dc3851acefdd,1.64269962310791,14.37645516553959
04090263_3fccb4301ce84fbc276c3d558130f8b4,4.66129093170166,23.143876200970173
04090263_4223e38ce99c160724270d533c13dba3,2.5177221298217773,17.98403256007389
04090263_43c51dcb5c9c812ec1385c8c0f4d3915,1.7516921997070312,14.723941044621252
04090263_469fe5d0ea2bba70650d38f01656985e,2.0661394119262697,16.100632443246255
04090263_58f7db3c6be48a83537e3f6cd50ed63c,3.306530570983887,19.39866746474923
04090263_5b5acb01373af13180c2e60c312b0f09,2.20943603515625,16.081611438758884
04090263_667772e778d69333e2365746e867db8b,4.241021347045899,21.627282666423582
04090263_670857f79c4d47c13a6842b1f893c19,3.558191680908203,20.409823945895344
04090263_74b965dee85e951a818accd7207190a0,3.2244958877563477,19.62694297073793
04090263_76fbf623256644116c830d654bd05bb9,1.4304895401000977,13.280723952383248
04090263_8036d88d38432a11ff18bc1311316304,2.8006038665771484,18.115212207744943
04090263_8a95676f5965c580276c3d558130f8b4,4.492592811584473,22.78385016838414
04090263_8c0e6b3a8ff3e1e75427d4172e3eb61f,3.8521928787231445,21.089216409547095
04090263_8f38c44779be7fd4340b66282f54c877,6.624504089355469,28.153608512679163
04090263_911535f04299f4a53f732a8d4ec0bf11,4.132643318176269,21.91758783535975
04090263_92fe43536b3f6dc1593fee7ac9114e04,2.90112361907959,18.77448265176013
04090263_99957708f69cc13acd0bf1b7ed0a63c9,2.6945798873901365,17.809747902676172
04090263_a0e251b5b4305d49893bac51482eaead,5.69588451385498,26.02157468213662
04090263_a38da7d4126b4a4912a8e5e6e6618c8e,3.6645652770996096,21.53062020248445
04090263_c54be9902d947a1ef6fb0164eb28c4c2,2.052145576477051,15.839859613198803
04090263_cc362ac31993fcb4fa0d7d9af888ead,3.885039138793945,20.96011144624796
04090263_d3fa347a5df7d6207969ab08647690bc,2.569046211242676,17.746598270755417
04090263_d400c42c4c4b3ec1589c07868201b17e,2.0023141860961915,15.881523611702885
04090263_d7192df213be19cb365a9fccb786f8e4,2.594150924682617,17.623879596092568
04090263_d90b571a1259cef1ad51de5d9ac9dcd2,1.7685064315795898,15.066919568766705
04090263_d91c45e8d51b2ffb12b38b1d99376c0b,8.791256523132324,32.1308685066098
04090263_de9fcce5174bfe09db181f2efd806577,2.266979217529297,16.47735411772592
04090263_e9ee67ab2cccdba5771dea817d9f8136,2.8863689422607424,18.290987093725708
04090263_ea4247ef739736199f433921788191f3,3.5657291412353516,20.2494164987049
04090263_ef672b394e09257d719b648239c8e160,2.7330648422241213,18.246176827893017
04090263_f646b2bad0332c0a52a927716d03931f,1.5920907974243164,13.839566011440041
04090263_fb6e8e453293303a4721599ec64bb469,1.9682683944702148,15.942848702104945
04099429_23ac907063ffc5de3df4fa4547276fc2,2.206254768371582,16.258356871025864
04099429_53009165a8a4d43995698f277be16510,3.4629547119140627,20.268974621097627
04225987_10b81426bea7f98b5e38a8a610bb08f5,5.567196273803711,27.13778935815713
04225987_303555f1c5f4cb0a1082f2ea630bf69e,6.431824111938477,29.189041780995787
04225987_f9752bb556ab1e20681083250d6ef1,4.639693260192871,24.625855838038056
04256520_1168fc14c294f7ac14038d588fd1342f,20.825519180297853,47.18413842377581
04256520_13d0d8dcb20c0071effcc073d8ec38f6,15.628624153137206,42.107325996301306
04256520_1575354ba1faad67490ad276cd2af3a4,16.475129699707033,44.02750002292553
04256520_1f620792984f66fd22c3a2386a9dfbe9,13.585716056823731,40.56529217128466
04256520_2056de97c97b2c85b759217db94d2883,12.154814147949219,39.967538015476585
04256520_21b22c30f1c6ddb9952d5d6c0ee49300,12.430453872680664,36.51881593094565
04256520_254fe5715b9de05db499b6b5bf6f9f82,12.911478996276855,40.64924789511704
04256520_2b49c5bb1f8f8e50febad4f49b26ec52,9.756352424621582,32.197886525366386
04256520_2c1c9fb6e940c636b1467c71658cc329,11.515537452697753,39.120567593073446
04256520_32c1445f65f4ceb23eec26c23f5bc80b,24.272211265563964,54.721541562116535
04256520_34117792b1a8c180796c584ff1fcf56d,22.844568252563477,48.267227408283645
04256520_359b6d3d29b08dfe19fb4103277a6b93,16.388658142089845,43.456868350220816
04256520_36cf45005b263014917b96045c9b6dea,15.332548522949219,40.55326884851205
04256520_388aebe52bbe88757143b902ce4e435d,19.598521995544434,46.25998072707284
04256520_3b8f2b955ee9a904b3c42e318f3affc,19.919894218444824,48.31342243488147
04256520_4521ce028e5009811866a0bc19f46a1d,21.205411529541017,46.98405095936951
04256520_4a1b7de779cde76487311f65d7a3e3e6,19.972484588623047,46.54010594178239
04256520_4c0aeda1ff524383ce4f58889c7849e3,14.891102027893066,40.32241138041631
04256520_4ed87061082a0ecb273e86fe77f08a50,16.543823051452637,40.730148819065654
04256520_518cf789a696965b5e723252788c3d6e,13.472615814208984,42.270630747061844
04256520_592ad41d80d018a2d614b159c22611b5,15.52661075592041,41.980669476292626
04256520_72421bcdcb3212f1bc2ef6ddd5c1612,22.39764461517334,49.23773113023795
04256520_790e42476f871e29e0a954c49a0c328b,13.695684814453125,39.956189231100055
04256520_7e2d4791502378f2593ebeeedbff73b,9.622329711914062,31.816938141248205
04256520_834fe65aac9ea9bce589b08489d157d,25.35495548248291,49.63063618196996
04256520_837ba605a4ab4a4f19fb4103277a6b93,14.628283309936524,40.00414792484247
04256520_849ddda40bd6540efac8371a83e130ac,11.726571846008301,39.403477424769115
04256520_86ba626309daedc8e8f8c11a24c52ebb,13.657598114013672,38.74780970067498
04256520_8b8152865839a79719fb4103277a6b93,10.159893798828126,33.48512375710875
04256520_8d61836ca7137a07291d22c7a0bd7119,18.379250144958498,45.04597581179716
04256520_99ca3d9ee631247f36d8dd30a594b2af,23.98370933532715,49.31337517877057
04256520_9af15fd5baed25b64b3c42e318f3affc,11.510731506347657,38.0230124466456
04256520_9d54e00d9428c07e76e9713f57a5fcb6,17.383610343933107,41.955685086533975
04256520_aa86df339042feeba4d9f38918617d27,9.68116455078125,33.53167649128294
04256520_accb504861a4091b894b04fea82e6039,19.09298973083496,43.80270080762609
04256520_addd6a0ef4f55a66d810b14a81e12eca,13.847731971740723,38.97386478224469
04256520_b3d216ad7575478d202316dd49948ea2,22.0895845413208,48.93097078040391
04256520_b5655dbb1a19b94c14038d588fd1342f,18.386279487609862,42.10749445287527
04256520_b58291a2e96691189d1eb836604648db,15.237966918945313,40.16925955926129
04256520_b922bbdf49b4100659f8e31ca87c470e,18.484369659423827,44.13674653938025
04256520_bd5bc3e6189f6972eff42b9e13c388bc,16.104638862609864,42.265067699495674
04256520_be2d759412b18995946789884353d9f6,16.01249465942383,40.994989004020496
04256520_bfd09a13ca8d039d24d3570ac22df4c2,9.581969833374023,33.032253827733754
04256520_c51dc6c9f8db03f51e8fb9cbb32d2cb3,19.60477695465088,45.14303774579811
04256520_d5aefefca08da17819fb4103277a6b93,17.908346366882324,44.41955141857659
04256520_d65ef2797ae836ca8930422448288ea,10.612066650390625,35.040129247691254
04256520_d8a5ba127550669d55030a5efaf6babc,18.48738842010498,43.429854063644335
04256520_dd3d82569d4cb2b5af140afd78cbb542,16.269309997558594,44.94803339748937
04256520_e5dee68606d47d3aca9b40e76e725878,13.259049224853516,39.07358789575535
04256520_e9e5da988215f06513292732a7b1ed9a,17.485898780822755,43.09558227158693
04256520_f6190e61f116d159ca119b1ec88d8df8,6.2426855087280275,28.401364971309828
04256520_f693bb3178c80d7f1783a44a88d6274,19.010248756408693,46.21007228126556
04256520_f986646cfa075237c02170c33e00ea64,15.990202713012696,41.333051558214365
04256520_fd4dd071f73ca07355eab99951962891,21.109091186523436,47.56286629991207
04330267_35f6e6a770258328c7667da8fd923578,11.476105499267579,35.88321773657881
04330267_f73ae0a40649c7b950c862b58109065,12.67883243560791,37.14717705385002
04379243_114a39da3b4bf118d42ec7e303174a87,8.02417869567871,29.687716079611366
04379243_1408914f71c66166febad4f49b26ec52,11.6317533493042,37.86067427621213
04379243_1652817da2b9193bc3bd24f986301745,27.041311073303223,50.26377994275863
04379243_16aca29aae2d252cb8372f06f79c32ca,11.90622386932373,36.61752014154626
04379243_176e3b32d749ac94d79f2fc0b8d8ffad,10.137922859191894,32.54572724686989
04379243_1797eec0a23dcb1dff29be004a6f7c0a,11.188686943054199,33.20887423797069
04379243_1875947951e8d536365c18a0ba9d127c,11.591485404968262,37.49258337633384
04379243_18be1556eb4da5af7ccf848ce05c84be,12.64215316772461,38.43563402656956
04379243_18c8f6ded2f14010746cec00e236149d,19.956366539001465,43.48384843467866
04379243_19d5525d3d65063bb664d1885442ba70,9.898147201538086,33.06229332901325
04379243_1ab0b879f52e7cbe958d575443776c9b,12.164056968688964,40.66114106254988
04379243_1f67cbeebf4f65b22b71faa8701e3f78,12.949091339111328,36.68677235408741
04379243_2145b7d411f1cf91bc4e0550f830290,19.214797592163087,42.828245636057446
04379243_222c56ff9cddbaf4139eb23f7c8036f,18.124872779846193,43.835875478545695
04379243_2575d3108a55adfaba0351028b825931,8.37757568359375,31.22163313104611
04379243_26d22dde8b0bf6a345891653421dc140,10.808963775634766,34.35789553019083
04379243_273b600198cba2f840363d9858e1b6c4,12.381868171691895,37.68931258651372
04379243_285857e7d12f1b74a4d2a71d4ca57f99,12.009731101989747,34.21837462484323
04379243_2ab09f4db5f5e842bf595b60a303303,14.276669883728028,38.61841691179305
04379243_2c14b0b718a1f3765828f54ccfceb8a8,7.652178955078125,30.98781025815495
04379243_2d468e75b3063c165dca6305fb9f97ca,20.47409439086914,42.19908718889157
04379243_2dc57230d14506eacd6ce29440b718cf,10.66054744720459,32.63209689253442
04379243_2eecafccfce0a14546407779dbd69b2d,19.653583335876466,43.52072736217274
04379243_2f33abdfe147813e44949d7685cb63ea,10.487436294555664,34.745097758429154
04379243_31b972951e7a8ed323fe3501bb9e7193,8.941525268554688,31.795959822549772
04379243_3253f2c59e6bd2a119fb4103277a6b93,12.806740951538085,36.00764057183442
04379243_325d922d3092f7bfc3bd24f986301745,11.475591278076172,35.951204201679325
04379243_33005098444c222b2b70eac6546e93fd,8.73595027923584,31.09775488002946
04379243_335bf5e7f636ea198be1375d26d1cb89,12.732521057128906,37.864573478733384
04379243_343bf23c280a14cc4ee8db28f96ad26b,10.136844825744628,32.74390506718439
04379243_352be15a6b1439c135836c728d324152,11.549715042114258,35.070052585737116
04379243_3576a576c81f2966f2f40b9b3af5eeca,9.539154052734375,33.03187081598917
04379243_3622046c1b2266a0fad46760e869d184,13.871059226989747,36.80652381646045
04379243_37a73eab8cb0267f855931d119219022,7.099239349365234,27.954917730874815
04379243_38b341526f21cc9f6e1c16d8c5e127,10.844865798950195,37.23459654849991
04379243_38ea17d177c4e872fd07832c54eb7e78,12.287095069885254,36.12548532144234
04379243_394c63a5658ef759b515d1675be6b5d3,16.031281852722167,40.144143822014534
04379243_3ac209693a4e89c4a4b99739648f763,16.093120765686034,39.12415040159921
04379243_3ca6199c8adacd4d30bbd4cddd04c77b,13.896644783020019,44.169468601240446
04379243_3e51742cb382aa1f79b3e1be3524f72f,14.65252914428711,38.19960925732128
04379243_3ebb9bfa2afb2f8c9db5a91069a42c6a,8.288193511962891,30.50094316612155
04379243_400369fdca7608a531292d1fc01277d8,8.681659126281739,32.24576455259054
04379243_40a7ed7ce8ba70fa4ddda47ee90d6a21,11.390634536743164,35.042477708317
04379243_41c027788c1388bbc48d90eef8384210,9.82603874206543,32.799636212061486
04379243_41c538c37e2ade9047f446d318aa6c9e,19.841620635986327,50.376969892881135
04379243_4380ce2f9c06f92744175b4dddf5be08,17.59055652618408,40.746827559858154
04379243_447f9f9dcd85f6242849dacb94997f4a,25.83354835510254,49.4908158307091
04379243_4572e2658d6e6cfe531eb43ec132817f,10.750831031799317,34.47243390254304
04379243_45b4df78e3cec0d99860e9353bb52a1,7.474692726135254,28.993007475104097
04379243_45da524a32676350b5817dafa1567392,11.467440223693847,36.46403072471899
04379243_47f25d5b367326ceaaf15b62af6b513f,21.300676536560058,45.74846733152544
04379243_497659c4723fbc4fe90ff84c89de437,14.86805019378662,36.87180359650538
04379243_4a5fa41eb0fff4496316c951e41c61a5,8.0973690032959,29.696277490792635
04379243_4d2f7c689e77df6b6dc1766995c17a41,21.160659980773925,45.24285047695716
04379243_4f3b404cc30d2306b96ac7572d4197cf,11.552923202514648,39.1508192514979
04379243_4f7c024d01141f23f51f77a6d7299806,20.37679805755615,43.709512057245306
04379243_4fc0bc3fb6438dffab1d1edf764243e3,12.13561191558838,37.31437697639408
04379243_5067a85ef67c2e45ed403132b02528bd,10.881668853759766,35.64486523770688
04379243_52837fa3e281763aed88854fc3e3ce05,18.117919731140137,42.72426948173577
04379243_537a02eff282b33df58bc14da5676759,13.913422584533691,39.181633961272496
04379243_551bf4f010f155ea4718e6c48e1ed95d,10.245747566223145,34.671206802157805
04379243_561cd495a38e22dfddbe8a6b8178038f,15.394477462768554,38.5633651623993
04379243_56eeebd64c7821dd641aac62064f7645,21.067262840270995,50.25093680631522
04379243_5783c7479b89f76b0783d9ebb200d10,10.630979537963867,36.760703263102336
04379243_57dbdc49bd549a508d1542df8403619f,14.155677604675294,40.95902132401488
04379243_59ee80e3af7a4e3df4b6538438a0b930,11.930423355102539,34.95032984285241
04379243_5f8bb62eec8f6f49616fb9ab42452112,17.52729721069336,43.911831767092735
04379243_612117acf07984468e52a975e7251969,8.449103927612304,30.536895576051943
04379243_623c9a5812ff9ac920768660cf080d12,19.66446533203125,46.17217513119343
04379243_62b7145b5920a67aba18ade30e563d37,7.232072257995606,28.664981131480943
04379243_62eff79cf2e75bc2765ee729adbdf968,8.626162910461426,31.633152735354198
04379243_68ea1f319a9d724ec3bd24f986301745,8.403717422485352,32.23393583603395
04379243_696425932b878a839335a4bbd2281da5,8.647589111328125,31.115579467036238
04379243_6b2edba33e92b96998fc1d0403f6ad0,10.16033992767334,32.575411279625115
04379243_6bdc37f729eef70d18706cd9c51d6358,14.773728942871093,38.93481831858509
04379243_6f2ffe8c014a6a458af30108ea9ccb6c,17.390860748291015,38.78768575375799
04379243_6f7260eb15f4531348ca89b7a9405654,13.654453086853028,40.22307831951529
04379243_702cebffa33a19f019f079d1b712f46f,4.405775451660157,22.753708968093072
04379243_70e3188676407076c3bd24f986301745,12.387601470947265,37.87480496005978
04379243_711b4eeae1c12b77cdd18be3aeb2d66e,6.186531829833984,25.135591279080046
04379243_739a2551d3826d5ad25ca1a27cf9bdec,12.044379615783692,35.10169465216438
04379243_7462ac6e44457697d017709a3cfbb660,9.991613006591797,32.53927753415226
04379243_76de9805c6e208e6b2644d7d4d7ea2c7,11.911955642700196,35.824353143415514
04379243_7a3326ec918a44846e3c8a33c4ddf2ef,11.742883491516114,36.35375164032874
04379243_7ad475266c37d4d3588d78fa7ad8e5a3,15.743934822082519,38.52756954447328
04379243_7bbdfac048aefc9a5634c21965ee6bab,8.891632461547852,32.33476404683538
04379243_7dca56442a9756a2e38cad80f0be5c63,11.373001098632812,33.75408421155058
04379243_7e15b41158aa0bf73542594e05cedc89,9.932966613769532,33.57810097574285
04379243_7f2d4ff98dec893094210977e5394f26,11.113957595825195,37.8304654662825
04379243_828aef6559b4e1b8a9f015dc2ef2c415,19.854692268371583,44.31278519223207
04379243_82b69c9b72a5159ce76bc197b3a3ffc0,8.145388984680176,30.153661293762084
04379243_83b8e64089968ae8fd3feb4581507302,13.506212043762208,37.61928194434558
04379243_8574daf4d23e75da042d36b1c1b84,22.4026237487793,49.64336707285825
04379243_87c752e8280cfa2316a2500eff5eef3a,22.979028511047364,49.30644344594852
04379243_891c1cd45e849766b07cbf788ba0557c,13.715760231018066,41.40357371986449
04379243_89827ac677337629ab610b0c94236463,11.454342079162597,38.81860689399418
04379243_8b3bae4e65ee0f67caf7718498824d44,9.350883865356446,33.583503056874925
04379243_8c2bb08ed6fcbcf3fdd3e2baf05d0f57,10.151894760131835,33.337117902677825
04379243_8c3c81a802ecdc45609fb05dbd8681bd,22.29157600402832,53.86957040912144
04379243_8c81742da70c5abba7574b4673f4d777,11.386619758605956,35.1348495041831
04379243_8ccbd2949fd8809b82cdf8854f156846,11.18107566833496,34.51509515984258
04379243_8e3a98ea6d37d14c59a230640e61666e,14.262485694885253,38.71471631970029
04379243_90f7b8cd8e41321c53315facdf531a34,9.841267395019532,33.213427463531694
04379243_91dbfe4dac593d3e35836c728d324152,10.783663558959962,38.92688605721684
04379243_92aab082da6375cf5b9744d121bf802,24.301995468139648,52.844752379641285
04379243_93040a14fad5588ed889130b88839a0c,12.631817436218261,36.950843258823554
04379243_93f3d802ab5132d162079c4c0e1b031,12.49304141998291,41.10788776633117
04379243_941e751844d8b0aa8b424343280aeccb,16.512159538269042,41.432220732157504
04379243_97894130bbbd202df4b6538438a0b930,11.491927528381348,34.7880671956227
04379243_981f5f50bd8821e8d935bb36a3b0560c,13.935560607910157,37.78920320812109
04379243_9825c19c22c97af2aff4f3612743fea,10.965074348449708,33.98539023865476
04379243_992c967b4b1535f5f5346848b67e4cad,13.341288757324218,37.86112814638619
04379243_9a01ec707c25dc606199d6fe090be061,7.969480514526367,29.76327051522223
04379243_9b7b33f2892e7bb9562c69acee9936b0,12.442205429077148,41.54938768026776
04379243_9c2fb771ec6073b37ff6ace05b36a5,11.944270896911622,37.42286150374464
04379243_9f6388c27485b03adfd21203bf8b4b46,18.7604061126709,46.470376238840764
04379243_a034755df11115a1a71c812e027f94d9,7.463776779174805,29.66841071582593
04379243_a15f31e2302f6ae5d67a73ffd62ba73f,13.827518844604493,38.76743008228041
04379243_a223fb0172d705fc3234880d6f34f7eb,16.654769706726075,42.67100511796147
04379243_a45a7ba9a2842a55634c21965ee6bab,9.163455772399903,30.866090914147126
04379243_a4d907884de88227febad4f49b26ec52,8.577304649353028,30.393985282848302
04379243_a5e951c9d7a9a93f8cbb8bac2032149c,11.337748146057129,36.468110107723575
04379243_aca4c523f999de86febad4f49b26ec52,9.621788787841798,33.14360940400513
04379243_ad41461d3fa9b483f6bf408264db131b,9.754567909240723,34.05957003558693
04379243_ae4507fa0f4c936a31055213877993a3,14.17078800201416,45.08730868102283
04379243_aec823460d983866d23df9ad1134a651,13.353142356872558,36.564282908027245
04379243_af8636a4e4d6bfecfebad4f49b26ec52,9.77436408996582,35.044280201707494
04379243_b08dc9e0fd675e6664adc666ed4e2ec1,7.19629020690918,28.13361456829935
04379243_b1a5b2caa2b7dc95f51f77a6d7299806,10.518535804748534,30.13052839993917
04379243_b3ca1f79cfb6b29cfc25405fbf8f85f4,7.400786399841309,28.83653699280605
04379243_b6758a9b899d540919fb4103277a6b93,12.389229774475098,38.24659121822927
04379243_b7821e69687d767aab610b0c94236463,11.17309112548828,36.167144960461755
04379243_b8411c6434b79e59d6686dc2df08cca5,10.520173263549804,34.55288728266229
04379243_b8425a23b0525ccf004563556ddb36,12.516144752502441,35.802106024495835
04379243_b9a0e6854bfab1682db9fca4b68095,9.107056808471679,33.69596244247007
04379243_ba2f81e15029a37baf7caa8fd318856,8.529193687438966,31.552607973657377
04379243_ba311a09f08ea7899c39abaf208a73e5,13.228850555419921,37.32307582442199
04379243_bbb11b745f7c75fdb5b101ae4c3e9377,10.980973815917968,34.42460407508685
04379243_bccc9bc81809cc0d31a3de62b78a7245,11.694902992248535,35.59525463160705
04379243_bfb2cfb2e454160d78cf5fa17988625c,15.927142333984374,41.43361339158235
04379243_c153d0d6b4fcf74f54a61dbdbc1ac262,19.648242950439453,46.199117800340446
04379243_c37632eafbf41b9c1fb41007d56c0ca1,10.741667366027832,35.21835914935764
04379243_c6591f825c72dc6553a2cae48abaea7d,10.531641578674316,34.78952253970629
04379243_c8dd6d63b6d82f8399e8bf807e902261,7.101979064941406,30.18646980080575
04379243_cca18c7f8636606f51f77a6d7299806,5.515024566650391,25.890311617328955
04379243_ccb8c52ff9e7a01819fb4103277a6b93,13.439690208435058,37.015945432474396
04379243_cd0dccabc5966b40d42ec7e303174a87,8.064820671081543,30.24081292074405
04379243_cd895c35fff495cdd0b93fa304cfa755,9.827736854553223,30.065535523123458
04379243_ce422cb06b1f372c561f802d2e81cd69,11.856429481506348,38.342559174588644
04379243_cf97b60fbf85b0656f236f75bfa0f434,15.212185096740722,39.125062461912975
04379243_d1ef95530469a1de1fc4857cc94b6562,20.671679878234862,45.834629640479264
04379243_d32ccda2f4614dca4b2ec20c30ace65f,7.944879722595215,30.671584585224448
04379243_d65624cccd27e85ce8f3ad90cf010c5a,13.739843940734863,37.89802239001749
04379243_d6874aa362830375ef8af3aeeb9bcffa,10.117889976501464,34.29209647139496
04379243_d76d897ff334065a82130856eb48454e,23.405628776550294,50.317332234571765
04379243_d9e3a8c4f093d66f3e474b0005d777b5,15.554800224304199,40.70934453744566
04379243_db6561b883e56b9072c6d81e4b9f21e4,11.229918098449707,35.06347630992605
04379243_dcdea1e749d4e20c63eb57c871ab1d8e,12.612195777893067,37.35857513526134
04379243_de1d6e1294552606a625499f7117f27c,15.513961219787598,41.147822494834536
04379243_dff5b7cb4f72def6641f7a370ac2809e,8.887799644470215,31.56018266024349
04379243_e14e867c0cfbf1f42cef66bb37b0cc33,15.865662765502929,39.68233877285651
04379243_e36a5e4069db8198bbbe32d7a5038eaf,12.040191268920898,35.14110795052062
04379243_e3da34a62e53689e82028a475156419,14.536284828186036,38.95956478397488
04379243_e407b3cb5cbd7d4fe0f0631862fa9bfa,14.706706428527832,38.499902216292334
04379243_e4487798c95013956a7d64731fd3b515,7.6355224609375,30.246792979512858
04379243_e5aba07854af35d89e6a137715910e1f,6.161158561706543,24.9818343291637
04379243_e630732939f6188957f5e6dcbb0b7930,20.49566593170166,46.69280161857251
04379243_e7045bfa00de20a39a0d3e7e907e5b53,11.0305419921875,33.69262567814685
04379243_e7b9c7a47208cb067b14a4ce87ce734f,11.672172927856446,40.571000795357065
04379243_e8bf7ba06998867d653227f952929af5,14.144023132324218,39.584437673156216
04379243_e96bc1b7f02caf77eaf288f952624966,7.518890380859375,28.531487852600264
04379243_e99a4c2fa99a0038a2aa7d89ba9aea43,13.95183868408203,40.973672957923
04379243_e9ebf354db8fc0fb4faac606fa48b508,10.338907241821289,34.618085377813316
04379243_ea367e390741fc38dcfcef693e7ec696,19.80158748626709,48.804886008527745
04379243_ebae52c84acf994e9e4da01b847d5cb2,11.733231353759766,34.135531493993895
04379243_ed50f2409be0ad022b6168eeac2194de,13.793566513061524,39.01460196647933
04379243_ed59907918516bbb4c24aa998833ed98,12.098420524597168,35.948722107078694
04379243_edf1d95e72479c4bbe13ce34aa7c0c1c,14.397228813171386,41.49175833969812
04379243_edf4152aa274a8ec78fe949fc1419876,12.753593254089356,37.3571577901808
04379243_f0e98a20a4ad33b15578685df571d8b6,11.172191619873047,35.54726750848217
04379243_f4692dabc20f58e0f51f77a6d7299806,21.43850383758545,47.315611297002505
04379243_f4d21f925b703fb7e46b767696592d01,18.917333793640136,46.429768261308006
04379243_f5aecb6607876495e03eb69820d1aaf2,16.30984706878662,39.730347203321045
04379243_f7921f51bcf7e93b24a15e3e5e0014a0,23.309794998168947,50.65746753203739
04379243_fc7a8af42911dc77b4169e4cad9bb63a,18.469416618347168,41.11915513939727
04379243_fe7dd4f6b988123bd810b14a81e12eca,14.062786293029784,35.791446042520995
04401088_29c5585362cf4aa5b4f6326696174df2,8.531775093078613,32.56774030899376
04401088_4bef48f1c1b4a40fbdeec9c43546255e,8.475991439819335,31.900152495287305
04401088_60193289e8d9689b62f6b877265e2679,6.112952613830567,27.600814225449383
04401088_6bda193370e2c7e9a30edee0b4a86a6c,8.774037551879882,32.483898222516785
04401088_74aab120cfb4d88257de0221db0b9d32,7.396525764465332,29.190531371609193
04401088_7f41f4b186fdf84c7ecaf377af2046d6,6.372264289855957,28.16724727156546
04401088_831d6d9118e1a2fb71f2e8f64dc1f509,8.304195213317872,31.520693689298504
04401088_99fa43c391f71ffd592461222e5fed0,5.543881607055664,26.140124106832104
04401088_b45f58361ed3ae739d2375e90e0e0425,8.76168613433838,32.75351357722891
04401088_b514d253eefdbfdbddfa02c62bdf0f8f,9.356134796142578,33.28978099988287
04401088_b8a2c7c7df404ab8e7ef9fff09638f8e,5.348600006103515,26.023727421512074
04401088_bacbf0d14e0cb5df6a802ef1ce963117,12.4213472366333,41.37017843543156
04401088_cea8f15682797fe6eb386a4e845c05f5,8.214005851745606,31.53339099382325
04401088_e2d49d74845ff0207e1c85c5c15da7fb,8.611787414550781,31.983966746854076
04401088_e5b629f4a5e7467066ccbd11a6ef0f68,4.533883476257325,24.88242148368709
04401088_f4eda7905f55d1b382476058422e4a4d,9.723043251037598,33.41030506805334
04401088_fef0bba982a4ad5296913ea8ca1ac015,8.345056533813477,32.234738456464
04460130_2b6257595edd2e62159e1f7290c9a432,3.4122169494628904,24.041224126734654
04468005_30b543e0b45fba65e810c01b1498aa2b,7.058394241333008,28.132566006956708
04468005_61a269d35f68a189ceeb72b524f3e0ca,6.2566673278808596,25.42141498859656
04468005_b9257fc9ef316cb56d99dfe91d90e769,6.640249252319336,26.43287906645269
04468005_c56d3442d937eddb796ef482cb4dcf22,3.4383026123046876,20.33971858299065
04468005_d9a4a8423457bd92bd127c2230a8477,10.444184875488281,32.36547768290997
04468005_f17a4c908714b29dd85b408a8edc983b,4.243341064453125,19.785209086121537
04530566_1356fcf0ea4a95bcbe7ca2216dc1576a,6.424410629272461,24.61154003481319
04530566_194ea4b2297cc2ce90c91984b829ab51,10.281351089477539,32.61195283307648
04530566_209f569f50d42f7e45e2a4e5729b970d,6.180100822448731,24.994057144825483
04530566_21256efa0a78f86b4448fadc60fab7a7,5.5349170684814455,22.754083035927767
04530566_29a131678dfba5339a6e43b878d5b335,6.47564926147461,31.218952109384063
04530566_33f4d31a559bc07fc1ccec171a275967,3.621342086791992,20.069979768202828
04530566_3750fdd9ef7f941d2173755309fd0db7,10.098264694213867,36.915907270920414
04530566_395471e88200756d88d5590328ce0ddf,4.51176700592041,21.75283611730235
04530566_3e900d7ea70fccaae6100699d3d743a7,6.558329772949219,29.335188937160563
04530566_404061915066692d89e410fd8930ae43,2.9771484375,17.807379239910098
04530566_47133569866031669268271e4d570275,3.1411672592163087,23.99338514191048
04530566_48a037d4699261d3b274bf54d5e89093,6.03152904510498,26.006273008653206
04530566_4c8c605b2b452cbba66c1707a338712c,3.781279373168945,20.79775287598922
04530566_4ce56405f7f67d3c38cd6a6c9620e96d,8.888649177551269,34.995603417414785
04530566_57a8ccaf2eb8d6a3924d278e5faa7137,11.315988540649414,40.83357189926266
04530566_59585673328efdf2efa33903c8f77ab8,4.567869377136231,21.344598112541316
04530566_5e9890e2f4cab96dbc6cd96a5e6546c,4.440045166015625,21.893689830880522
04530566_5ef0011ffbd75eb6dc1a42a6163b8fdd,7.771366882324219,28.891979586913116
04530566_611824dac2873f5b59f280bab375e8b4,8.853425979614258,29.853008377652547
04530566_65f8bb163e351bfa9399f7cdb64577ad,7.758127593994141,29.6376877013898
04530566_6a5f7a634b13ea7a94daa4565dd30535,5.323186874389648,23.841471409803166
04530566_6c1458eec06ad0c147a67ad1fb1cf329,8.686771583557128,36.34882535477713
04530566_6c2c2ce0215d3f979b3523fcb9cc5680,4.1193239212036135,21.860419473888225
04530566_6e3db071ed95552b3faeafe37c2ce4f6,11.160574340820313,35.94193227210529
04530566_70b4666e2da7ca32cfea3d4fc15719ea,3.8963991165161134,19.80239676225728
04530566_7488e965278a8b8524e54dbd7430a489,5.873743629455566,25.187361322496464
04530566_75aef09a516f59da49f73a97204d432b,4.913057327270508,23.274455815893457
04530566_7aeadfeb93825b387b3c166137b0d772,4.062966346740723,20.76247214205699
04530566_845426b7dd1b0e55a9142e7277ee08f1,8.534490585327148,28.05958201122047
04530566_884454f0d5a376c295ea46728bcdc15d,5.106322288513184,27.492091200733675
04530566_8b3cf3842a88136c67c16c85d5f8c7d7,8.055827331542968,30.340028153293286
04530566_8e7fd92d91a9974a2d220e1baafcedd8,3.238087272644043,18.489747394647587
04530566_9115745cde6f30c67f141c9abbacbdb8,5.284355354309082,24.746666217030672
04530566_91e0e1a6dbf302c3d55da98ad008849b,5.276111602783203,25.091054759083487
04530566_9c4ae8501ef74e82cffae3eeba6126e6,10.629533958435058,37.71194051030587
04530566_a88fa5daf540c14a4f6190a680acb783,5.43718318939209,24.079526818499144
04530566_b0ef1a0332a50ad1ae4c18c4a7d1a8bd,9.533237648010253,33.10020965548446
04530566_b1a080228ad8a7c6eb2c303a0e0d287b,7.38913631439209,25.77872721971624
04530566_c55868566d2cd547d8d2db57c9e192a,12.08604030609131,42.03889234145295
04530566_d09202ccf8fa18d7de6289e76b045123,3.07525691986084,19.731953323410004
04530566_d0ed110df0d56672b26ad4ebd4ebcb88,3.958690071105957,20.747530668339856
04530566_d9e044a3cdd4359110f59460c26e963e,8.266609191894531,31.731530428890252
04530566_dae38d7110c4bf252f84cb7932f866fd,5.9358173370361325,31.45291140474594
04530566_ed397dd3d2ca4c8a69852296a4bb593c,8.054407691955566,32.80103102157591
04530566_f69f4b2abc707f667610cb1c03c9c3ea,2.2209014892578125,16.51964104497498
04530566_f72222b43e40e7e84cd259bd328e92a,4.84732608795166,26.906940592284823
04530566_f73392abd103857666ab813654be63ca,7.292364501953125,28.78384757592987
04530566_fddb69f72a853e2f8ff5243f1df2529,7.521166610717773,33.06137870821663
04554684_5fc3cef0cf926f5b9303a353ee6dfc42,20.911396789550782,45.68226774888883
04554684_9cd0227494eeaafabd2a8bf2cac51544,23.28938865661621,47.4552087287477
04554684_c2eb080246a97865c4c2cb2195d7bfe5,26.074759101867677,50.083488122319274
